date,price,bedrooms,bathrooms,sqft_living,sqft_living_normalized column,sqft_lot,floors,waterfront,view,condition,sqft_above,sqft_basement,yr_built,yr_renovated,street,city,statezip,country
2014-05-02 00:00:00,313000,3,1.5,1340,-0.752557680031042,7912,1.5,0,0,3,1340,0,1955,2005,18810 Densmore Ave N,Shoreline,WA 98133,USA
2014-05-02 00:00:00,2384000,5,2.5,3650,1.45781341855240,9050,2,0,4,5,3370,280,1921,0,709 W Blaine St,Seattle,WA 98119,USA
2014-05-02 00:00:00,342000,3,2,1930,-0.188004022817090,11947,1,0,0,4,1930,0,1966,0,26206-26214 143rd Ave SE,Kent,WA 98042,USA
2014-05-02 00:00:00,420000,3,2.25,2000,-0.121023080435773,8030,1,0,0,4,1000,1000,1963,0,857 170th Pl NE,Bellevue,WA 98008,USA
2014-05-02 00:00:00,550000,4,2.5,1940,-0.178435316762616,10500,1,0,0,4,1140,800,1976,1992,9105 170th Ave NE,Redmond,WA 98052,USA
2014-05-02 00:00:00,490000,2,1,880,-1.19271815853684,6380,1,0,0,3,880,0,1938,1994,522 NE 88th St,Seattle,WA 98115,USA
2014-05-02 00:00:00,335000,2,2,1350,-0.742988973976568,2560,1,0,0,3,1350,0,1976,0,2616 174th Ave NE,Redmond,WA 98052,USA
2014-05-02 00:00:00,482000,4,2.5,2710,0.558355049431864,35868,2,0,0,3,2710,0,1989,0,23762 SE 253rd Pl,Maple Valley,WA 98038,USA
2014-05-02 00:00:00,452500,3,2.5,2430,0.290431279906599,88426,1,0,0,4,1570,860,1985,0,46611-46625 SE 129th St,North Bend,WA 98045,USA
2014-05-02 00:00:00,640000,4,2,1520,-0.580320971050514,6200,1.5,0,0,3,1520,0,1945,2010,6811 55th Ave NE,Seattle,WA 98115,USA
2014-05-02 00:00:00,463000,3,1.75,1710,-0.398515556015513,7320,1,0,0,3,1710,0,1948,1994,Burke-Gilman Trail,Lake Forest Park,WA 98155,USA
2014-05-02 00:00:00,1400000,4,2.5,2920,0.759297876575813,4000,1.5,0,0,5,1910,1010,1909,1988,3838-4098 44th Ave NE,Seattle,WA 98105,USA
2014-05-02 00:00:00,588500,3,1.75,2330,0.194744219361861,14892,1,0,0,3,1970,360,1980,0,1833 220th Pl NE,Sammamish,WA 98074,USA
2014-05-02 00:00:00,365000,3,1,1090,-0.991775331392886,6435,1,0,0,4,1090,0,1955,2009,2504 SW Portland Ct,Seattle,WA 98106,USA
2014-05-02 00:00:00,1200000,5,2.75,2910,0.749729170521339,9480,1.5,0,0,3,2910,0,1939,1969,3534 46th Ave NE,Seattle,WA 98105,USA
2014-05-02 00:00:00,242500,3,1.5,1200,-0.886519564793675,9720,1,0,0,4,1200,0,1965,0,14034 SE 201st St,Kent,WA 98042,USA
2014-05-02 00:00:00,419000,3,1.5,1570,-0.532477440778145,6700,1,0,0,4,1570,0,1956,0,15424 SE 9th St,Bellevue,WA 98007,USA
2014-05-02 00:00:00,367500,4,3,3110,0.941103291610815,7231,2,0,0,3,3110,0,1997,0,11224 SE 306th Pl,Auburn,WA 98092,USA
2014-05-02 00:00:00,257950,3,1.75,1370,-0.723851561867621,5858,1,0,0,3,1370,0,1987,2000,1605 S 245th Pl,Des Moines,WA 98198,USA
2014-05-02 00:00:00,275000,3,1.5,1180,-0.905656976902622,10277,1,0,0,3,1180,0,1983,2009,12425 415th Ave SE,North Bend,WA 98045,USA
2014-05-02 00:00:00,750000,3,1.75,2240,0.108625864871597,10578,2,0,0,5,1550,690,1923,0,3225 NE 92nd St,Seattle,WA 98115,USA
2014-05-02 00:00:00,435000,4,1,1450,-0.647301913431831,8800,1,0,0,4,1450,0,1954,1979,3922 154th Ave SE,Bellevue,WA 98006,USA
2014-05-02 00:00:00,626000,3,2.25,1750,-0.360240731797618,1572,2.5,0,0,3,1470,280,2005,0,3140 Franklin Ave E,Seattle,WA 98102,USA
2014-05-02 00:00:00,612500,4,2.5,2730,0.577492461540812,12261,2,0,0,3,2730,0,1991,0,10212 NE 156th Pl,Bothell,WA 98011,USA
2014-05-02 00:00:00,495000,4,1.75,1600,-0.503771322614724,6380,1,0,0,3,1130,470,1959,1989,2021 NE 100th St,Seattle,WA 98125,USA
2014-05-02 00:00:00,285000,3,2.5,2090,-0.0349047259455095,10834,1,0,0,4,1360,730,1987,0,27736 23rd Avenue South,Federal Way,WA 98003,USA
2014-05-02 00:00:00,615000,3,1.75,2360,0.223450337525282,7291,1,0,0,4,1360,1000,1948,0,8436-8438 41st Ave SW,Seattle,WA 98136,USA
2014-05-02 00:00:00,698000,4,2.25,2200,0.0703510406537020,11250,1.5,0,0,5,1300,900,1920,0,1036 4th St,Kirkland,WA 98033,USA
2014-05-02 00:00:00,675000,5,2.5,2820,0.663610816031075,67518,2,0,0,3,2820,0,1979,2014,23525 SE 32nd Way,Issaquah,WA 98029,USA
2014-05-02 00:00:00,790000,3,2.5,2600,0.453099282832653,4750,1,0,0,4,1700,900,1951,1999,3314 NW 75th St,Seattle,WA 98117,USA
2014-05-02 00:00:00,382500,4,1.75,1560,-0.542046146832619,8700,1,0,0,4,1560,0,1967,0,14104 119th Ave NE,Kirkland,WA 98034,USA
2014-05-02 00:00:00,499950,4,2.5,2860,0.701885640248970,3345,2,0,0,3,2190,670,2004,2003,20120 137th Ave NE,Woodinville,WA 98072,USA
2014-05-02 00:00:00,650000,4,2,1820,-0.293259789416301,5000,1.5,0,1,3,1640,180,1945,2010,7201-7399 55th Ave NE,Seattle,WA 98115,USA
2014-05-02 00:00:00,625000,4,2.5,2820,0.663610816031075,8408,2,0,0,3,2820,0,2014,0,17052 4th Ave NE,Shoreline,WA 98155,USA
2014-05-02 00:00:00,400000,4,2.5,3630,1.43867600644345,42884,1.5,0,0,3,2300,1330,1979,2014,5172-5198 Heather Ave SE,Auburn,WA 98092,USA
2014-05-02 00:00:00,604000,3,2.5,3240,1.06549647031897,33151,2,0,2,3,3240,0,1995,0,30822 36th Ct SW,Federal Way,WA 98023,USA
2014-05-02 00:00:00,440000,2,1,800,-1.26926780697263,4850,1,0,0,4,800,0,1944,0,4801-4899 6th Ave NW,Seattle,WA 98107,USA
2014-05-02 00:00:00,287200,3,3,1850,-0.264553671252880,19966,1,0,0,4,1090,760,1992,0,23017 SE 281st Ct,Maple Valley,WA 98038,USA
2014-05-02 00:00:00,403000,3,2,1960,-0.159297904653668,13100,1,0,2,5,1650,310,1957,0,17825 4th Ave SW,Normandy Park,WA 98166,USA
2014-05-02 00:00:00,750000,3,2.5,2390,0.252156455688703,6550,1,0,2,4,1440,950,1955,2009,3628 59th Ave SW,Seattle,WA 98116,USA
2014-05-02 00:00:00,335000,3,2.25,1580,-0.522908734723671,16215,1,0,0,4,1580,0,1978,2000,4460 332nd Ave SE,Fall City,WA 98024,USA
2014-05-02 00:00:00,260000,4,2,1480,-0.618595795268409,8625,1,0,0,4,1480,0,1974,0,2019 Aberdeen Pl SE,Renton,WA 98055,USA
2014-05-02 00:00:00,308500,2,1,850,-1.22142427670026,6174,1,0,0,4,850,0,1950,1983,121 NE 147th St,Shoreline,WA 98155,USA
2014-05-02 00:00:00,439950,3,2.5,1770,-0.341103319688670,2875,2,0,0,3,1770,0,1990,2009,4458 51st Ave SW,Seattle,WA 98116,USA
2014-05-02 00:00:00,235000,2,1,1210,-0.876950858739201,9400,1,0,0,2,1210,0,1949,0,7542 21st Ave SW,Seattle,WA 98106,USA
2014-05-02 00:00:00,315000,3,1,1160,-0.924794389011570,9180,1,0,0,3,1160,0,1968,1997,15804 198th Pl NE,Woodinville,WA 98077,USA
2014-05-02 00:00:00,437500,3,2.25,1970,-0.149729198599195,35100,2,0,0,4,1970,0,1977,0,26069 SE 154th St,Issaquah,WA 98027,USA
2014-05-02 00:00:00,407500,3,2.5,1930,-0.188004022817090,10460,2,0,0,3,1930,0,1996,0,4314 NE 6th Pl,Renton,WA 98059,USA
2014-05-02 00:00:00,445700,3,2.5,1270,-0.819538622412358,1180,3,0,0,3,1270,0,2001,0,2640 NW 56th St,Seattle,WA 98107,USA
2014-05-02 00:00:00,838000,4,2.5,3310,1.13247741270029,42998,2,0,0,3,3310,0,2001,0,15712 NE 136th Pl,Redmond,WA 98052,USA
2014-05-02 00:00:00,630000,4,2.75,2710,0.558355049431864,37277,2,0,0,3,2710,0,2000,0,26429 SE 154th Pl,Issaquah,WA 98027,USA
2014-05-02 00:00:00,550000,3,1.75,2910,0.749729170521339,35200,1.5,0,0,3,2910,0,1979,2014,3923 229th Pl SE,Sammamish,WA 98075,USA
2014-05-02 00:00:00,805000,3,2,2710,0.558355049431864,4500,1.5,0,0,4,1880,830,1929,0,6222 30th Ave NE,Seattle,WA 98115,USA
2014-05-02 00:00:00,284000,3,1.75,1800,-0.312397201525249,23103,1,0,0,3,1800,0,1968,1997,32418 NE 50th St,Carnation,WA 98014,USA
2014-05-02 00:00:00,470000,5,2.5,2210,0.0799197467081757,9655,1,0,0,3,1460,750,1976,0,19334 89th Ave NE,Bothell,WA 98011,USA
2014-05-02 00:00:00,430000,4,1.5,1920,-0.197572728871563,10000,1,0,0,4,1070,850,1954,1979,4071 156th Ave SE,Bellevue,WA 98006,USA
2014-05-02 00:00:00,491500,4,1.75,2190,0.0607823345992282,125452,1,0,2,3,2190,0,1968,1997,36850 204th Ave SE,Auburn,WA 98092,USA
2014-05-02 00:00:00,785000,5,3.25,3660,1.46738212460687,11995,2,0,2,3,3660,0,2006,0,7425 Snowberry Ave SE,Snoqualmie,WA 98065,USA
2014-05-02 00:00:00,385000,3,3.25,1320,-0.771695092139989,1327,2,0,0,3,1040,280,2008,0,3400 21st Ave W,Seattle,WA 98199,USA
2014-05-02 00:00:00,295000,2,2.5,1630,-0.475065204451303,1368,2,0,0,3,1280,350,2009,0,5944-6082 Delridge Way SW,Seattle,WA 98106,USA
2014-05-02 00:00:00,555000,4,2.5,3310,1.13247741270029,6500,2,0,0,3,3310,0,2012,1912,35229 SE Terrace St,Snoqualmie,WA 98065,USA
2014-05-02 00:00:00,459990,3,2.5,2680,0.529648931268443,5539,2,0,0,3,2680,0,2013,1923,13800 453rd Ave SE,North Bend,WA 98045,USA
2014-05-02 00:00:00,625000,4,3.25,2730,0.577492461540812,54014,1,0,0,3,1560,1170,2007,0,9927 174th Ave SE,Renton,WA 98059,USA
2014-05-02 00:00:00,300000,3,2.5,2540,0.39568704650581,5050,2,0,0,3,2540,0,2006,0,29734 215th Terrace SE,Kent,WA 98042,USA
2014-05-03 00:00:00,625000,4,2.75,2920,0.759297876575813,6605,2,0,0,3,2920,0,2012,1912,5608 NE 5th Cir,Renton,WA 98059,USA
2014-05-03 00:00:00,553000,2,1,900,-1.17358074642789,5000,1,0,0,3,900,0,1944,0,8053 29th Ave NW,Seattle,WA 98117,USA
2014-05-03 00:00:00,379880,3,2.5,1650,-0.455927792342355,14054,1,0,0,4,1130,520,1986,0,13256 242nd Pl SE,Issaquah,WA 98027,USA
2014-05-03 00:00:00,310000,3,1,1010,-1.06832497982868,9945,1,0,0,4,1010,0,1973,0,7528 N Fork Rd SE,Snoqualmie,WA 98065,USA
2014-05-04 00:00:00,775000,2,2.5,2680,0.529648931268443,7392,1,0,0,3,2680,0,2004,2003,13134 234th Ct NE,Redmond,WA 98053,USA
2014-05-04 00:00:00,365000,3,2.5,2200,0.0703510406537020,7350,1,0,0,5,1570,630,1988,0,13420 SE 182nd St,Renton,WA 98058,USA
2014-05-04 00:00:00,331950,4,2.5,2530,0.386118340451336,9933,2,0,2,3,2010,520,1990,2009,925 48th Ct,Auburn,WA 98092,USA
2014-05-04 00:00:00,783500,3,2.5,2850,0.692316934194497,7130,2,0,0,3,1990,860,1980,0,151 Euclid Ave,Seattle,WA 98122,USA
2014-05-04 00:00:00,628000,4,2,2280,0.146900689089492,6010,1,0,0,3,1140,1140,1900,2005,205-206 Euclid Ave,Seattle,WA 98122,USA
2014-05-05 00:00:00,560000,3,2.5,1900,-0.216710140980511,8744,2,0,0,3,1900,0,1987,2000,22314 NE 11th Pl,Sammamish,WA 98074,USA
2014-05-05 00:00:00,900000,3,1,1330,-0.762126386085516,77972,1,0,0,3,1330,0,1928,1954,13615 NE 100th St,Kirkland,WA 98033,USA
2014-05-05 00:00:00,531000,2,3,1270,-0.819538622412358,1175,2,0,0,3,1110,160,2000,0,1411 N 48th St,Seattle,WA 98103,USA
2014-05-05 00:00:00,831000,4,3,2170,0.0416449224902807,4000,2,0,0,4,1610,560,1982,2011,120 31st Ave E,Seattle,WA 98112,USA
2014-05-05 00:00:00,780000,4,2.5,2730,0.577492461540812,10281,2,0,2,3,2730,0,1996,0,23140 NE 14th Ct,Sammamish,WA 98074,USA
2014-05-05 00:00:00,755000,4,2.5,2120,-0.00619860778208817,10202,1,0,0,4,1620,500,1960,2001,12645 SE 27th St,Bellevue,WA 98005,USA
2014-05-05 00:00:00,705380,3,2.5,2490,0.347843516233441,4343,2,0,0,3,2490,0,2003,0,3187 NE Larkspur Ln,Issaquah,WA 98029,USA
2014-05-05 00:00:00,627000,4,2.25,1990,-0.130591786490247,7712,1,0,0,3,1210,780,1973,2013,18915 SE 42nd Pl,Issaquah,WA 98027,USA
2014-05-05 00:00:00,865000,4,3,3690,1.49608824277029,9892,2,0,0,3,3690,0,1998,2006,1765 267th Ct SE,Sammamish,WA 98075,USA
2014-05-05 00:00:00,580000,2,1,2540,0.39568704650581,7000,1,0,0,5,1320,1220,1942,0,8624 Island Dr S,Seattle,WA 98118,USA
2014-05-05 00:00:00,410000,3,2.25,1800,-0.312397201525249,36704,1,0,0,4,1360,440,1978,2000,24502 SE Mirrormont Dr,Issaquah,WA 98027,USA
2014-05-05 00:00:00,485000,4,3,2340,0.204312925416335,7048,1,0,0,4,1340,1000,1979,0,14319 85th Pl NE,Kirkland,WA 98034,USA
2014-05-05 00:00:00,400000,2,1.75,2110,-0.0157673138365619,9519,1,0,0,2,2110,0,1948,0,2120 NE 168th St,Shoreline,WA 98155,USA
2014-05-05 00:00:00,549000,2,1,1140,-0.943931801120517,5400,1,0,0,5,1140,0,1908,0,209 30th Ave E,Seattle,WA 98112,USA
2014-05-05 00:00:00,620000,3,1.75,1480,-0.618595795268409,2185,2.5,0,0,3,1480,0,2005,0,10512 128th Ave NE,Kirkland,WA 98033,USA
2014-05-05 00:00:00,405000,2,3,1410,-0.685576737649725,1240,2,0,0,3,1140,270,2006,0,9126 45th Ave SW,Seattle,WA 98136,USA
2014-05-05 00:00:00,232000,2,1,1200,-0.886519564793675,8063,1,0,0,4,1200,0,1958,1972,20220 8th Ave S,Des Moines,WA 98198,USA
2014-05-05 00:00:00,800866,5,2.5,3180,1.00808423399213,13806,2,0,0,4,3180,0,1990,0,11821 NE 48th Pl,Kirkland,WA 98033,USA
2014-05-05 00:00:00,650000,3,1.5,2160,0.0320762164358069,9000,1,0,2,4,1400,760,1949,1985,13026 10th Ave NW,Seattle,WA 98177,USA
2014-05-05 00:00:00,823000,6,1.75,2920,0.759297876575813,5000,2.5,0,0,4,2780,140,1908,0,125 29th Ave,Seattle,WA 98122,USA
2014-05-05 00:00:00,770000,3,2,2350,0.213881631470808,5700,1.5,0,0,4,1810,540,1939,1989,2171 Boyer Ave E,Seattle,WA 98112,USA
2014-05-05 00:00:00,524000,3,1.75,1560,-0.542046146832619,5520,1,0,0,4,780,780,1944,0,3434 33rd Ave W,Seattle,WA 98199,USA
2014-05-05 00:00:00,541125,5,2.75,2740,0.587061167595285,8426,1,0,0,4,1370,1370,1960,2001,5211 116th Pl SE,Bellevue,WA 98006,USA
2014-05-05 00:00:00,670000,3,2.5,1680,-0.427221674178934,2000,3,0,0,3,1680,0,1909,1998,3503 NE 44th St,Seattle,WA 98105,USA
2014-05-05 00:00:00,384900,5,2.5,3090,0.921965879501867,12750,1,0,0,3,1750,1340,1968,1997,114 SW 292nd St,Federal Way,WA 98023,USA
2014-05-05 00:00:00,406100,3,2.25,1410,-0.685576737649725,1332,3,0,0,3,1410,0,2005,0,8536 Interlake Ave N,Seattle,WA 98103,USA
2014-05-05 00:00:00,1395000,5,3.5,4010,1.80228683651345,8510,2,0,1,5,2850,1160,1971,0,3930 NE Belvoir Pl,Seattle,WA 98105,USA
2014-05-05 00:00:00,736500,4,2.5,3180,1.00808423399213,21904,2,0,3,3,3180,0,2000,0,17132 SE 100th St,Renton,WA 98059,USA
2014-05-05 00:00:00,570000,3,2.25,2010,-0.111454374381300,6000,1,0,0,3,1330,680,1975,0,10204 168th Pl NE,Redmond,WA 98052,USA
2014-05-05 00:00:00,787000,3,1.75,1330,-0.762126386085516,7500,1,0,0,3,1330,0,1961,2004,218 109th Ave SE,Bellevue,WA 98004,USA
2014-05-05 00:00:00,328000,4,2.5,2370,0.233019043579756,6500,2,0,0,3,2370,0,1998,2006,12621 SE 300th Way,Auburn,WA 98092,USA
2014-05-05 00:00:00,435000,5,2,1840,-0.274122377307354,9240,1,0,0,4,1540,300,1942,1958,14013 Ashworth Ave N,Seattle,WA 98133,USA
2014-05-05 00:00:00,499000,4,2.5,2910,0.749729170521339,6479,2,0,0,3,2910,0,2006,0,34010 SE Sorenson St,Snoqualmie,WA 98065,USA
2014-05-05 00:00:00,501000,4,1,2070,-0.054042138054457,7519,1,0,0,3,1160,910,1963,2008,2506 166th Ave NE,Bellevue,WA 98008,USA
2014-05-05 00:00:00,1090000,4,2.5,4340,2.11805413631109,141570,2.5,0,0,3,4340,0,1992,0,8814 218th Ave NE,Redmond,WA 98053,USA
2014-05-05 00:00:00,400000,2,1,840,-1.23099298275473,5510,1,0,0,3,840,0,1955,2005,4515 SW Trenton St,Seattle,WA 98136,USA
2014-05-05 00:00:00,220000,4,1.5,1240,-0.848244740575780,9600,1,0,0,3,1240,0,1971,0,4924 SW 314th Pl,Federal Way,WA 98023,USA
2014-05-05 00:00:00,657100,4,1,1390,-0.704714149758673,4240,1,0,0,3,1050,340,1924,2011,4312 Woodlawn Ave N,Seattle,WA 98103,USA
2014-05-05 00:00:00,309950,4,2.75,2310,0.175606807252913,5000,2,0,0,3,2310,0,2006,0,22912 SE 268th Pl,Maple Valley,WA 98038,USA
2014-05-05 00:00:00,300000,3,2,1050,-1.03005015561078,10072,1,0,0,3,1050,0,1986,0,27106 NE Miller St,Duvall,WA 98019,USA
2014-05-05 00:00:00,525888,5,1.75,2550,0.405255752560284,71874,1,0,0,5,1810,740,1960,0,13129 195th Pl SE,Issaquah,WA 98027,USA
2014-05-05 00:00:00,740000,4,1.75,2010,-0.111454374381300,3600,1.5,0,0,3,2010,0,1902,0,1014 W Garfield St,Seattle,WA 98119,USA
2014-05-05 00:00:00,340000,5,1,1120,-0.963069213229465,9022,1.5,0,0,4,1120,0,1962,0,14150 75th Ave NE,Kirkland,WA 98034,USA
2014-05-05 00:00:00,398750,3,2.5,2230,0.0990571588171233,4000,2,0,0,3,2230,0,1954,2005,2601 21st Ave S,Seattle,WA 98144,USA
2014-05-05 00:00:00,206000,2,1,810,-1.25969910091815,7158,1,0,0,5,810,0,1944,0,12807 7th Ave S,Burien,WA 98168,USA
2014-05-05 00:00:00,1030000,5,2.75,3190,1.01765294004660,16920,1,0,3,3,1690,1500,1976,0,4529 135th Ave SE,Bellevue,WA 98006,USA
2014-05-05 00:00:00,600000,3,1.75,1670,-0.436790380233408,39639,1,0,0,4,1670,0,1976,1992,1804 E Beaver Lake Dr SE,Sammamish,WA 98075,USA
2014-05-05 00:00:00,379950,4,1.75,1970,-0.149729198599195,9389,1,0,0,5,1140,830,1960,0,1701 N 204th Pl,Shoreline,WA 98133,USA
2014-05-05 00:00:00,287000,3,1,1450,-0.647301913431831,6000,1,0,0,4,1450,0,1953,1983,8681 Beacon Ave S,Seattle,WA 98118,USA
2014-05-05 00:00:00,2280000,7,8,13540,10.9212637064270,307752,3,0,4,3,9410,4130,1999,0,26408 NE 70th St,Redmond,WA 98053,USA
2014-05-05 00:00:00,309950,3,2.5,1880,-0.235847553089459,7838,2,0,0,3,1880,0,1994,0,17717 113th Pl SE,Renton,WA 98055,USA
2014-05-05 00:00:00,600000,3,1.75,1880,-0.235847553089459,6360,1,0,0,4,1040,840,1945,0,8040 39th Ave NE,Seattle,WA 98115,USA
2014-05-05 00:00:00,418000,3,2,1410,-0.685576737649725,6030,1.5,0,0,4,1410,0,1930,0,901 N 97th St,Seattle,WA 98103,USA
2014-05-05 00:00:00,449250,4,2,1480,-0.618595795268409,3844,1.5,0,0,5,1480,0,1928,1970,519 N 104th St,Seattle,WA 98133,USA
2014-05-05 00:00:00,329950,2,1,1140,-0.943931801120517,5250,1.5,0,0,4,1140,0,1949,1985,14017 Roslyn Pl N,Seattle,WA 98133,USA
2014-05-05 00:00:00,245000,3,1.75,1920,-0.197572728871563,9306,1,0,0,3,1000,920,1984,0,30001-30021 55th Pl S,Auburn,WA 98001,USA
2014-05-05 00:00:00,549000,4,2.5,2910,0.749729170521339,6338,2,0,0,3,2910,0,2008,0,16026 SE 137th Terrace,Renton,WA 98059,USA
2014-05-05 00:00:00,800000,3,2.5,3240,1.06549647031897,7857,2,0,0,3,3240,0,1994,0,22721-22727 SE 27th St,Sammamish,WA 98075,USA
2014-05-05 00:00:00,249950,3,2,1550,-0.551614852887093,15040,1,0,0,4,1550,0,1958,1972,18027 SE 128th St,Renton,WA 98059,USA
2014-05-05 00:00:00,210000,5,2,2050,-0.0731795501634045,10200,1,0,0,3,1430,620,1956,2001,20927-20999 2nd Ave S,Des Moines,WA 98198,USA
2014-05-05 00:00:00,1425000,2,2.5,2220,0.0894884527626495,4000,2,0,0,3,2220,0,2000,0,1857 41st Ave E,Seattle,WA 98112,USA
2014-05-05 00:00:00,585000,2,1,1770,-0.341103319688670,8640,1.5,0,0,3,1520,250,1949,1998,353 NW 88th St,Seattle,WA 98117,USA
2014-05-05 00:00:00,615000,4,1.75,2300,0.166038101198440,11700,1,0,0,4,1960,340,1977,0,18427 NE 26th Way,Redmond,WA 98052,USA
2014-05-05 00:00:00,618500,3,2,1800,-0.312397201525249,5000,1,0,0,4,1080,720,1942,1982,2803 NE 62nd St,Seattle,WA 98115,USA
2014-05-05 00:00:00,487585,4,1.75,2010,-0.111454374381300,9211,1,0,0,3,1470,540,1977,2004,13313 127th Pl NE,Kirkland,WA 98034,USA
2014-05-05 00:00:00,509900,3,2.5,1790,-0.321965907579722,2700,2,0,0,3,1790,0,2010,0,4532 185th Ave SE,Issaquah,WA 98027,USA
2014-05-05 00:00:00,631625,4,2.5,2440,0.299999985961072,6651,2,0,0,3,2440,0,2014,0,9288-9358 Holman Rd NW,Seattle,WA 98117,USA
2014-05-05 00:00:00,555000,3,2.5,1940,-0.178435316762616,3211,2,0,0,3,1940,0,2009,0,4509 185th Ave SE,Issaquah,WA 98027,USA
2014-05-05 00:00:00,340000,2,1.5,1160,-0.924794389011570,1438,2,0,0,3,1160,0,2001,0,1318 29th Ave S,Seattle,WA 98144,USA
2014-05-05 00:00:00,830000,4,2.5,3400,1.21859576719055,9692,2,0,0,3,3400,0,2007,0,12001 173rd Pl NE,Redmond,WA 98052,USA
2014-05-05 00:00:00,890000,4,4.25,4420,2.19460378474688,5750,2,0,0,3,3410,1010,2006,0,842 Summerhill Ridge Dr NW,Issaquah,WA 98027,USA
2014-05-05 00:00:00,366750,3,3,1571,-0.531520570172698,2017,3,0,0,3,1571,0,2008,0,14359 19th Ave NE,Seattle,WA 98125,USA
2014-05-05 00:00:00,415000,3,2.25,1620,-0.484633910505776,998,2.5,0,0,3,1540,80,2010,0,935 4th Ave NE,Issaquah,WA 98029,USA
2014-05-05 00:00:00,416286,3,2.5,1408,-0.687490478860620,989,3,0,0,3,1408,0,2005,0,7809 12th Ave NE,Seattle,WA 98115,USA
2014-05-05 00:00:00,478000,3,2.5,3040,0.874122349229498,4535,2,0,0,3,3040,0,2007,0,2027 Ferndale Ave NE,Renton,WA 98056,USA
2014-05-05 00:00:00,890000,5,3.5,4490,2.26158472712819,6000,2,0,0,3,3200,1290,2006,0,792 Summerhill Ridge Dr NW,Issaquah,WA 98027,USA
2014-05-05 00:00:00,419190,2,2.5,1590,-0.513340028669198,1426,2,0,0,3,1590,0,2014,0,1273 NE Hickory Ln,Issaquah,WA 98029,USA
2014-05-05 00:00:00,712198,4,2.5,2450,0.309568692015546,4247,2,0,0,3,2450,0,2013,1923,17122 NE 117th St,Redmond,WA 98052,USA
2014-05-06 00:00:00,397000,4,2,1440,-0.656870619486304,7680,1,0,0,3,1200,240,1971,0,10601 NE 138th Pl,Kirkland,WA 98034,USA
2014-05-06 00:00:00,450000,2,2,1100,-0.982206625338412,3000,1.5,0,0,3,1100,0,1912,2005,412 NW 70th St,Seattle,WA 98117,USA
2014-05-06 00:00:00,353000,3,1,1350,-0.742988973976568,7740,1,0,0,4,860,490,1947,1988,11051 35th Ave NE,Seattle,WA 98125,USA
2014-05-06 00:00:00,609000,4,2.5,2150,0.0225075103813331,37981,2,0,0,3,2150,0,1985,0,18114 NE 136th St,Redmond,WA 98052,USA
2014-05-06 00:00:00,234000,3,1.75,1490,-0.609027089213935,8366,1,0,0,4,1010,480,1975,0,25305 151st Pl SE,Covington,WA 98042,USA
2014-05-06 00:00:00,561000,3,2,2000,-0.121023080435773,7000,2,0,0,3,2000,0,1916,1986,6422 Marshall Ave SW,Seattle,WA 98136,USA
2014-05-06 00:00:00,469000,2,1,1030,-1.04918756771973,4400,1,0,0,3,1030,0,1924,2011,310 NW 72nd St,Seattle,WA 98117,USA
2014-05-06 00:00:00,329350,2,1,720,-1.34581745540842,6687,1,0,0,3,720,0,1942,1999,9712 4th Ave NW,Seattle,WA 98117,USA
2014-05-06 00:00:00,488000,5,2,2020,-0.101885668326826,5000,1.5,0,0,4,2020,0,1938,0,9020-9024 11th Ave NW,Seattle,WA 98117,USA
2014-05-06 00:00:00,279900,3,1.75,1580,-0.522908734723671,8151,1,0,1,4,1100,480,1962,0,1629 S 261st Pl,Des Moines,WA 98198,USA
2014-05-06 00:00:00,606000,4,2.5,2110,-0.0157673138365619,13850,2,0,0,3,2110,0,1987,2000,2755 NW Pine Cone Dr,Issaquah,WA 98027,USA
2014-05-06 00:00:00,312000,4,2,1300,-0.790832504248937,7054,1,0,0,3,1300,0,1950,2013,2815 SW 107th St,Seattle,WA 98146,USA
2014-05-06 00:00:00,650000,3,1.5,1630,-0.475065204451303,7475,1,0,1,3,1160,470,1940,1996,6009 52nd Ave NE,Seattle,WA 98115,USA
2014-05-06 00:00:00,1135000,4,2.75,3370,1.18988964902713,8103,1,0,3,3,1970,1400,1970,2014,3922 SW Henderson St,Seattle,WA 98136,USA
2014-05-06 00:00:00,325000,4,2.5,1890,-0.226278847034985,6156,1,0,0,3,980,910,1980,0,5631 17th Ave SW,Seattle,WA 98106,USA
2014-05-06 00:00:00,425000,4,2,1520,-0.580320971050514,7983,1,0,0,5,1520,0,1967,0,14876 Juanita Woodinville Way NE,Inglewood-Finn Hill,WA 98034,USA
2014-05-06 00:00:00,219000,2,1,900,-1.17358074642789,5160,1,0,0,3,900,0,1952,2008,8652 17th Ave SW,Seattle,WA 98106,USA
2014-05-06 00:00:00,250000,3,1,1050,-1.03005015561078,6874,1,0,0,3,1050,0,1954,2005,18305 Dayton Ave N,Shoreline,WA 98133,USA
2014-05-06 00:00:00,390000,3,1.75,1260,-0.829107328466832,6500,1,0,0,4,1260,0,1966,0,1415 168th Ave NE,Bellevue,WA 98008,USA
2014-05-06 00:00:00,475000,6,3,3470,1.28557670957187,117612,1.5,0,0,3,3470,0,1924,2011,19007 80th Ave NE,Kenmore,WA 98028,USA
2014-05-06 00:00:00,736000,4,2.5,2290,0.156469395143966,12047,2,0,0,4,2290,0,1988,0,17435 SE 47th St,Bellevue,WA 98006,USA
2014-05-06 00:00:00,407000,4,2.25,2810,0.654042109976602,23400,1,0,1,3,1710,1100,1958,2004,23024-23198 17th Ave S,Des Moines,WA 98198,USA
2014-05-06 00:00:00,272000,3,2.5,1650,-0.455927792342355,13816,2,0,0,3,1650,0,1998,2006,32000-32072 NE 55th St,Carnation,WA 98014,USA
2014-05-06 00:00:00,362000,3,2.25,1640,-0.465496498396829,14374,1,0,0,4,1140,500,1963,0,17253 Ambaum Blvd S,Burien,WA 98148,USA
2014-05-06 00:00:00,535000,3,2.5,1850,-0.264553671252880,10109,2,0,0,3,1850,0,1991,0,8409 NE 129th Pl,Kirkland,WA 98034,USA
2014-05-06 00:00:00,284000,4,2.5,2000,-0.121023080435773,5390,2,0,0,3,2000,0,2003,0,25434 160th Ave SE,Kent,WA 98042,USA
2014-05-06 00:00:00,367500,3,1.5,1410,-0.685576737649725,9647,1,0,0,3,1410,0,1961,2004,18048 3rd Ave NW,Shoreline,WA 98177,USA
2014-05-06 00:00:00,379900,4,1.75,1500,-0.599458383159462,11600,1,0,0,4,1000,500,1955,2009,15007 75th Ave NE,Kenmore,WA 98028,USA
2014-05-06 00:00:00,520000,3,2.5,2460,0.319137398070020,54885,2,0,0,4,2460,0,1980,0,5424 NE 10th St,Renton,WA 98059,USA
2014-05-06 00:00:00,175000,3,1,1010,-1.06832497982868,7034,1,0,0,3,1010,0,1954,2005,207 NW 5th St,Renton,WA 98057,USA
2014-05-06 00:00:00,460000,2,2.25,1230,-0.857813446630253,929,2,0,0,3,1020,210,2004,2003,100 24th Ave E,Seattle,WA 98112,USA
2014-05-06 00:00:00,345000,4,2.5,2331,0.195701089967308,3826,2,0,0,3,2331,0,2007,0,11853 SE 176th Ct,Renton,WA 98058,USA
2014-05-06 00:00:00,455000,5,2.5,2240,0.108625864871597,7770,1,0,0,3,1340,900,1978,0,12633 NE 133rd Pl,Kirkland,WA 98034,USA
2014-05-06 00:00:00,610000,4,3,2450,0.309568692015546,10117,1,0,0,5,1580,870,1967,0,15607 SE 42nd Ct,Bellevue,WA 98006,USA
2014-05-06 00:00:00,563000,4,3,3100,0.931534585556341,15480,2,0,0,3,2400,700,1996,0,7422 NE 163rd St,Kenmore,WA 98028,USA
2014-05-06 00:00:00,612500,4,2,2060,-0.0636108441089308,5000,1,0,0,3,1030,1030,1949,2013,1708 NW 96th St,Seattle,WA 98117,USA
2014-05-06 00:00:00,218000,3,1.75,1850,-0.264553671252880,7684,1,0,0,3,1320,530,1979,2014,33945 28th Pl SW,Federal Way,WA 98023,USA
2014-05-06 00:00:00,404000,4,1.75,1840,-0.274122377307354,10720,1,0,0,3,960,880,1958,2004,16020 SE 2nd St,Bellevue,WA 98008,USA
2014-05-06 00:00:00,860000,4,2,3740,1.54393177304266,32417,2,0,0,3,3740,0,2000,0,24507 NE 77th Pl,Redmond,WA 98053,USA
2014-05-06 00:00:00,136500,3,1.5,1420,-0.676008031595252,8580,1,0,0,3,1420,0,1962,2003,32827 22nd Ave SW,Federal Way,WA 98023,USA
2014-05-06 00:00:00,313950,3,1,1510,-0.589889677104988,6083,1,0,0,4,860,650,1940,2001,415 NE 94th St,Seattle,WA 98115,USA
2014-05-06 00:00:00,575000,3,1.75,2130,0.00337009827238560,6500,1,0,2,3,1170,960,1954,2005,2214 W Halladay St,Seattle,WA 98199,USA
2014-05-06 00:00:00,1225000,4,2.25,3490,1.30471412168082,6906,2,0,0,4,2280,1210,1928,0,2560 39th Ave W,Seattle,WA 98199,USA
2014-05-06 00:00:00,280000,3,1.75,1630,-0.475065204451303,11800,1,0,0,4,1630,0,1971,0,12525 458th Ave SE,North Bend,WA 98045,USA
2014-05-06 00:00:00,515000,3,2.5,1790,-0.321965907579722,7167,2,0,0,3,1790,0,1989,0,920 221st Ave NE,Sammamish,WA 98074,USA
2014-05-06 00:00:00,513000,4,2.5,2000,-0.121023080435773,5684,2,0,0,3,2000,0,1996,0,9041 NE 160th Pl,Kenmore,WA 98028,USA
2014-05-06 00:00:00,599000,4,2.25,2260,0.127763276980545,29930,2,0,0,4,1400,860,1977,0,16022 SE 43rd St,Bellevue,WA 98006,USA
2014-05-06 00:00:00,685000,4,2.5,3030,0.864553643175024,7864,2,0,0,3,3030,0,1999,0,24201 SE 1st Pl,Sammamish,WA 98074,USA
2014-05-06 00:00:00,365000,3,1.5,1310,-0.781263798194463,8160,1,0,0,3,1310,0,1950,2005,13714 Ashworth Ave N,Seattle,WA 98133,USA
2014-05-06 00:00:00,762300,4,2.5,3880,1.67789365780529,14550,2,0,0,3,3880,0,1987,2000,22344 NE 31st St,Sammamish,WA 98074,USA
2014-05-06 00:00:00,1580000,4,3.25,3760,1.56306918515161,10920,1.5,0,0,5,2400,1360,1950,0,5650 NE 55th St,Seattle,WA 98105,USA
2014-05-06 00:00:00,562000,5,2.25,3040,0.874122349229498,8111,2,0,0,3,3040,0,1984,0,17649 NE 129th Pl,Redmond,WA 98052,USA
2014-05-06 00:00:00,530000,5,2.5,2910,0.749729170521339,9636,1,0,0,4,1690,1220,1964,0,3250 165th Ave SE,Bellevue,WA 98008,USA
2014-05-06 00:00:00,525000,3,2.5,2970,0.807141406848182,11985,1,0,0,3,1770,1200,1995,0,21603 NE 29th St,Sammamish,WA 98074,USA
2014-05-06 00:00:00,484000,2,1.75,1660,-0.446359086287881,6000,1,0,0,3,1160,500,1942,1999,4711 University View Pl NE,Seattle,WA 98105,USA
2014-05-06 00:00:00,725126,4,2.5,3200,1.02722164610108,12369,2,0,0,3,3200,0,1998,2006,14707 SE 84th St,Newcastle,WA 98059,USA
2014-05-06 00:00:00,360000,4,2,2680,0.529648931268443,18768,1,0,0,5,2680,0,1965,0,31607-31633 44th Ave S,Auburn,WA 98001,USA
2014-05-06 00:00:00,387000,3,1,1230,-0.857813446630253,9568,1,0,0,5,1230,0,1962,0,12116 SE 71st Pl,Newcastle,WA 98056,USA
2014-05-06 00:00:00,483500,4,2.5,2740,0.587061167595285,45732,2,0,0,3,2740,0,1995,0,15418 216th Ave NE,Woodinville,WA 98077,USA
2014-05-06 00:00:00,655500,4,3.5,3380,1.19945835508161,8330,2,0,0,3,3380,0,2000,0,1703 NW 200th Ln,Shoreline,WA 98177,USA
2014-05-06 00:00:00,345000,3,1,1110,-0.972637919283939,6250,1,0,0,3,1110,0,1956,2001,3230 NE 95th St,Seattle,WA 98115,USA
2014-05-06 00:00:00,533000,5,2.75,1800,-0.312397201525249,3780,1.5,0,0,3,1400,400,1926,2003,7434 Winona Ave N,Seattle,WA 98103,USA
2014-05-06 00:00:00,385000,3,1.75,1900,-0.216710140980511,5520,1,0,0,3,1280,620,1982,0,5215 32nd Ave S,Seattle,WA 98118,USA
2014-05-06 00:00:00,675000,2,1,930,-1.14487462826447,36478,1,0,2,3,930,0,1951,1994,4206 SE Newport Way,Bellevue,WA 98006,USA
2014-05-06 00:00:00,197000,3,1.75,1690,-0.417652968124460,7735,1,0,0,4,1060,630,1976,1992,30020 43rd Pl S,Auburn,WA 98001,USA
2014-05-06 00:00:00,485000,3,2,1420,-0.676008031595252,4080,1.5,0,0,3,1420,0,1905,2013,720 N 80th St,Seattle,WA 98103,USA
2014-05-06 00:00:00,1870000,5,4,4510,2.28072213923714,15175,2,0,0,3,4510,0,1969,2002,8300 SE 82nd St,Mercer Island,WA 98040,USA
2014-05-06 00:00:00,295000,3,2.25,1980,-0.140160492544721,8000,1,0,0,4,1560,420,1974,0,31966 36th Ave SW,Federal Way,WA 98023,USA
2014-05-06 00:00:00,499000,2,1.75,1170,-0.915225682957096,2400,1,0,0,4,740,430,1903,0,2112 N 50th St,Seattle,WA 98103,USA
2014-05-06 00:00:00,1050000,3,2.5,2200,0.0703510406537020,1970,2,0,0,3,1610,590,2008,0,2516 Yale Ave E,Seattle,WA 98102,USA
2014-05-06 00:00:00,191000,3,1.5,800,-1.26926780697263,8850,1,0,0,4,800,0,1959,0,1003 SW 307th St,Federal Way,WA 98023,USA
2014-05-06 00:00:00,500000,3,2.5,1480,-0.618595795268409,1171,3,0,0,3,1480,0,2006,0,135 25th Ave E,Seattle,WA 98112,USA
2014-05-06 00:00:00,390000,5,3.75,2890,0.730591758412392,5000,1,0,0,3,1310,1580,2006,0,3665 Renton Ave S,Seattle,WA 98144,USA
2014-05-06 00:00:00,979000,3,2.5,2690,0.539217637322916,4047,3,0,0,3,2690,0,2014,0,7000 23rd Ave NW,Seattle,WA 98117,USA
2014-05-06 00:00:00,580000,4,3.25,3569,1.38030689951116,8327,2,0,0,3,3569,0,2013,1923,710 S 23rd St,Renton,WA 98055,USA
2014-05-06 00:00:00,369950,3,2,1270,-0.819538622412358,1320,3,0,0,3,1270,0,2006,0,8846 Midvale Ave N,Seattle,WA 98103,USA
2014-05-06 00:00:00,1800000,5,5,4490,2.26158472712819,10279,2,0,0,3,3930,560,2013,1923,1435 104th Ave SE,Bellevue,WA 98004,USA
2014-05-06 00:00:00,776000,4,2.5,3040,0.874122349229498,6425,2,0,0,3,3040,0,2008,0,16775 NE 86th Ct,Redmond,WA 98052,USA
2014-05-07 00:00:00,519950,3,2.25,1170,-0.915225682957096,1249,3,0,0,3,1170,0,2014,0,1749 NW 60th St,Seattle,WA 98107,USA
2014-05-07 00:00:00,255000,5,2.25,2060,-0.0636108441089308,8632,1,0,0,3,1030,1030,1962,2003,105 SW 129th St,Burien,WA 98146,USA
2014-05-07 00:00:00,495000,3,1,990,-1.08746239193762,6000,1,0,0,3,990,0,1943,2002,5628 NE 59th St,Seattle,WA 98105,USA
2014-05-07 00:00:00,510000,4,2.5,2430,0.290431279906599,5203,2,0,0,3,2430,0,2003,0,1028 NE 153rd Ct,Shoreline,WA 98155,USA
2014-05-07 00:00:00,1150000,4,4,4460,2.23287860896477,103382,2,0,0,3,4460,0,2001,0,25823 NE 30th Ct,Redmond,WA 98053,USA
2014-05-07 00:00:00,253000,3,1.75,1250,-0.838676034521306,10122,1,0,0,3,1250,0,1994,0,25502 Kanasket Dr,Black Diamond,WA 98010,USA
2014-05-07 00:00:00,503000,3,2.75,1540,-0.561183558941567,6760,1,0,0,5,1210,330,1980,0,9626 NE 129th Pl,Kirkland,WA 98034,USA
2014-05-07 00:00:00,275000,3,2.5,1600,-0.503771322614724,7000,2,0,0,4,1600,0,1993,0,21326 SE 277th Pl,Maple Valley,WA 98038,USA
2014-05-07 00:00:00,249000,3,1,1110,-0.972637919283939,8423,1,0,0,3,1110,0,1952,2008,14613 6th Ave SW,Burien,WA 98166,USA
2014-05-07 00:00:00,310000,3,1.75,1840,-0.274122377307354,10723,1,0,0,4,1220,620,1974,0,19313 140th Pl SE,Renton,WA 98058,USA
2014-05-07 00:00:00,750000,3,2.75,2520,0.376549634396862,5401,1,0,0,4,1360,1160,1946,1989,2806 13th Ave W,Seattle,WA 98119,USA
2014-05-07 00:00:00,630000,3,2.5,2680,0.529648931268443,327135,2,0,0,3,2680,0,1995,0,25339 SE 248th St,Ravensdale,WA 98051,USA
2014-05-07 00:00:00,599999,9,4.5,3830,1.63005012753293,6988,2.5,0,0,3,2450,1380,1938,2003,8809 Densmore Ave N,Seattle,WA 98103,USA
2014-05-07 00:00:00,758000,4,2.75,2410,0.271293867797651,9549,1,0,0,4,1780,630,1956,0,10627 NE 45th St,Kirkland,WA 98033,USA
2014-05-07 00:00:00,248500,4,1.75,1720,-0.388946849961039,10018,1,0,0,5,1720,0,1960,0,16635 SE 268th St,Covington,WA 98042,USA
2014-05-07 00:00:00,310000,3,1.75,2070,-0.054042138054457,37904,1,0,0,4,1420,650,1973,0,19654 116th Ave SE,Kent,WA 98031,USA
2014-05-07 00:00:00,460000,3,2,1760,-0.350672025743144,9055,2,0,0,4,1760,0,1985,0,5003 159th Ct NE,Redmond,WA 98052,USA
2014-05-07 00:00:00,675000,3,1.75,1680,-0.427221674178934,10500,1,0,0,4,1680,0,1959,0,4 128th Ave SE,Bellevue,WA 98005,USA
2014-05-07 00:00:00,526000,2,2,1550,-0.551614852887093,2400,1.5,0,0,4,1550,0,1900,1971,3845 Whitman Ave N,Seattle,WA 98103,USA
2014-05-07 00:00:00,560000,3,3,4120,1.90754260311266,60392,2,0,2,3,3180,940,1994,0,32223 NE 88th St,Carnation,WA 98014,USA
2014-05-07 00:00:00,415000,4,3,1830,-0.283691083361827,9548,2,0,0,3,1830,0,1991,0,15204 88th Ave NE,Bothell,WA 98028,USA
2014-05-07 00:00:00,246000,3,1,1400,-0.695145443704199,7410,1,0,0,3,1400,0,1944,0,624 SW 137th St,Burien,WA 98166,USA
2014-05-07 00:00:00,314500,3,1.75,1870,-0.245416259143932,12381,1,0,0,4,1870,0,1957,2001,29645 10th Pl S,Federal Way,WA 98003,USA
2014-05-07 00:00:00,3200000,7,4.5,6210,3.90740216849768,8856,2.5,0,2,5,4760,1450,1910,0,1230 Warren Ave N,Seattle,WA 98109,USA
2014-05-07 00:00:00,420000,2,1.5,1040,-1.03961886166525,3500,1.5,0,0,4,1040,0,1904,0,1713 22nd Ave S,Seattle,WA 98144,USA
2014-05-07 00:00:00,535000,3,1.75,2720,0.567923755486338,149410,1.5,0,0,3,2720,0,1988,2000,33331 NE Lake Joy Rd,Carnation,WA 98014,USA
2014-05-07 00:00:00,350000,3,1,1010,-1.06832497982868,9360,1,0,0,3,1010,0,1981,2013,9703 130th Ave NE,Kirkland,WA 98033,USA
2014-05-07 00:00:00,515000,3,1.75,1580,-0.522908734723671,9147,1,0,1,4,1210,370,1967,0,234 W Lake Sammamish Pkwy SE,Bellevue,WA 98008,USA
2014-05-07 00:00:00,749950,4,2.75,2600,0.453099282832653,6050,2,0,0,5,1960,640,1949,0,4140 53rd Ave SW,Seattle,WA 98116,USA
2014-05-07 00:00:00,230000,3,2.5,1920,-0.197572728871563,9180,2,0,0,3,1920,0,1988,2000,206 Oakesdale Ave SW,Renton,WA 98057,USA
2014-05-07 00:00:00,568000,3,2,2350,0.213881631470808,5080,1.5,0,0,3,1780,570,1929,0,5531 Seward Park Ave S,Seattle,WA 98118,USA
2014-05-07 00:00:00,250000,1,1,1100,-0.982206625338412,4373,1,0,0,2,820,280,1947,0,232 SW 154th St,Burien,WA 98166,USA
2014-05-07 00:00:00,581000,4,2,2510,0.366980928342389,13695,1,0,0,4,1280,1230,1961,2001,11105 126th Ave NE,Kirkland,WA 98033,USA
2014-05-07 00:00:00,651000,3,2.5,3240,1.06549647031897,108366,2,0,0,4,3240,0,1991,0,18611 SE 307th Ln,Kent,WA 98042,USA
2014-05-07 00:00:00,600000,3,2.5,2460,0.319137398070020,108900,1,0,0,4,1860,600,1977,0,25525 SE 133rd St,Issaquah,WA 98027,USA
2014-05-07 00:00:00,500000,2,1,1010,-1.06832497982868,3885,1.5,0,0,4,1010,0,1906,1990,331 22nd Ave E,Seattle,WA 98112,USA
2014-05-07 00:00:00,475000,2,1,820,-1.25013039486368,2723,1,0,0,3,820,0,1921,2000,4602 Woodlawn Ave N,Seattle,WA 98103,USA
2014-05-07 00:00:00,352000,5,2.5,2420,0.280862573852125,8560,1,0,2,3,1620,800,1978,0,3723 S Chicago St,Seattle,WA 98118,USA
2014-05-07 00:00:00,420000,3,2.25,1770,-0.341103319688670,8165,2,0,0,3,1770,0,1977,2004,12921 79th Pl NE,Kirkland,WA 98034,USA
2014-05-07 00:00:00,428000,2,2,1350,-0.742988973976568,3900,1,0,0,3,1350,0,2003,0,232nd Way,Redmond,WA 98053,USA
2014-05-07 00:00:00,599000,3,1.75,1960,-0.159297904653668,4788,1,0,0,4,1090,870,1920,0,6253-6299 15th Ave NE,Seattle,WA 98115,USA
2014-05-07 00:00:00,492000,4,2.5,3305,1.12769305967305,16164,1.5,0,0,5,2245,1060,1922,1956,1718 N 175th St,Shoreline,WA 98133,USA
2014-05-07 00:00:00,630000,2,2.25,2550,0.405255752560284,5663,1,0,0,3,1720,830,2011,0,1225 N 41st Pl,Renton,WA 98056,USA
2014-05-07 00:00:00,900000,5,3.75,4130,1.91711130916714,226076,2,0,0,3,3170,960,1985,0,12809-12907 206th Ave NE,Woodinville,WA 98077,USA
2014-05-07 00:00:00,1110000,4,1.5,2310,0.175606807252913,13300,1,0,0,3,1890,420,1950,2005,9724 NE 14th St,Clyde Hill,WA 98004,USA
2014-05-07 00:00:00,575000,4,2,1650,-0.455927792342355,5000,1,0,0,3,1650,0,1955,2005,6708 14th Ave NW,Seattle,WA 98117,USA
2014-05-07 00:00:00,705000,4,2.5,2650,0.500942813105021,4316,1.5,0,0,3,1520,1130,1905,2013,1902 45th Ave SW,Seattle,WA 98116,USA
2014-05-07 00:00:00,940000,4,2.25,1890,-0.226278847034985,5940,1,0,1,3,1470,420,1963,2008,1234 22nd Ave E,Seattle,WA 98112,USA
2014-05-07 00:00:00,313000,3,1.75,2190,0.0607823345992282,8000,1,0,0,4,2190,0,1967,0,32631 39th Ave SW,Federal Way,WA 98023,USA
2014-05-07 00:00:00,618080,3,2.5,2030,-0.0923169622723521,6500,2,0,0,3,2030,0,1988,2000,4421-4564 186th Ave SE,Issaquah,WA 98027,USA
2014-05-07 00:00:00,640000,3,3,2270,0.137331983035018,5175,2,0,0,3,2130,140,2002,0,1200 N 27th Pl,Renton,WA 98056,USA
2014-05-07 00:00:00,485000,3,2,1610,-0.494202616560250,4160,1,0,0,4,1010,600,1917,0,4313 SW Willow St,Seattle,WA 98136,USA
2014-05-07 00:00:00,300000,2,1,760,-1.30754263119052,3001,1,0,0,3,760,0,1913,1983,1761 17th Ave S,Seattle,WA 98144,USA
2014-05-07 00:00:00,379500,2,1,1640,-0.465496498396829,17335,1,0,0,3,840,800,1978,0,3301-3389 289th Ave NE,Redmond,WA 98053,USA
2014-05-07 00:00:00,339950,3,2.25,1630,-0.475065204451303,12295,2,0,0,4,1630,0,1985,0,19501 135th Ave SE,Renton,WA 98058,USA
2014-05-07 00:00:00,1500000,6,2.5,3560,1.37169506406213,6480,2.5,0,0,4,3560,0,1914,1945,903 22nd Ave E,Seattle,WA 98112,USA
2014-05-07 00:00:00,1340000,3,3,2960,0.797572700793708,5500,2,0,2,3,2440,520,1937,1990,3529 W Howe St,Seattle,WA 98199,USA
2014-05-07 00:00:00,500000,3,2.5,1940,-0.178435316762616,37565,1,0,0,4,1940,0,1987,0,20821 SE 135th St,Issaquah,WA 98027,USA
2014-05-07 00:00:00,239900,3,2,1410,-0.685576737649725,7566,1,0,0,3,1410,0,1985,0,11907 SE 261st Pl,Kent,WA 98030,USA
2014-05-07 00:00:00,314950,3,1,1040,-1.03961886166525,16986,1,0,0,4,1040,0,1968,0,18227 SE 135th St,Renton,WA 98059,USA
2014-05-07 00:00:00,361280,2,1,820,-1.25013039486368,6400,1,0,0,4,820,0,1944,0,5902 37th Ave SW,Seattle,WA 98126,USA
2014-05-07 00:00:00,100000,2,1,910,-1.16401204037341,22000,1,0,0,3,910,0,1956,2001,138 Seattle Blvd S,Algona,WA 98001,USA
2014-05-07 00:00:00,540000,7,5.75,3700,1.50565694882477,7647,2,0,1,3,3700,0,1948,1984,15007-15299 37th Ave NE,Lake Forest Park,WA 98155,USA
2014-05-07 00:00:00,480500,4,2.5,2180,0.0512136285447544,11200,1,0,0,4,2180,0,1968,0,18911 NE 165th Pl,Woodinville,WA 98072,USA
2014-05-07 00:00:00,280000,3,2.5,1600,-0.503771322614724,4271,2,0,0,3,1600,0,2000,0,5146 S 303rd Pl,Auburn,WA 98001,USA
2014-05-07 00:00:00,440000,3,1.75,1500,-0.599458383159462,6180,1,0,0,4,1060,440,1947,1988,3827 39th Ave S,Seattle,WA 98118,USA
2014-05-07 00:00:00,530000,3,1,1340,-0.752557680031042,4284,1,0,0,3,1080,260,1910,2006,4703-4707 4th Ave NE,Seattle,WA 98105,USA
2014-05-07 00:00:00,560000,3,2,1860,-0.254984965198406,13374,1,0,0,3,1860,0,1985,0,1010 NW Inneswood Dr,Issaquah,WA 98027,USA
2014-05-07 00:00:00,775000,3,2,2540,0.39568704650581,7200,1.5,0,3,4,1600,940,1905,0,517 32nd Ave S,Seattle,WA 98144,USA
2014-05-07 00:00:00,160000,2,1,1040,-1.03961886166525,13100,1,0,0,5,1040,0,1912,0,733 1st Ave N,Kent,WA 98032,USA
2014-05-07 00:00:00,209950,3,1.5,1380,-0.714282855813147,11130,1,0,0,3,1380,0,1960,2012,32016 8th Ave S,Federal Way,WA 98003,USA
2014-05-07 00:00:00,226500,3,1.75,1640,-0.465496498396829,10762,1,0,0,3,1130,510,1988,2000,27000-27080 201st Ave SE,Covington,WA 98042,USA
2014-05-07 00:00:00,380000,5,1.75,3000,0.835847525011603,6000,1,0,0,5,1500,1500,1958,0,8514 S 124th St,Seattle,WA 98178,USA
2014-05-07 00:00:00,409500,4,2.75,2140,0.0129388043268594,13000,1,0,0,3,1320,820,1968,1997,19302 65th Pl NE,Kenmore,WA 98028,USA
2014-05-07 00:00:00,690000,3,2,1760,-0.350672025743144,6428,1,0,0,4,980,780,1942,1982,2145 Condon Way W,Seattle,WA 98199,USA
2014-05-07 00:00:00,405000,3,2.25,1660,-0.446359086287881,8307,1,0,0,4,1660,0,1961,2001,605 N 178th St,Shoreline,WA 98133,USA
2014-05-07 00:00:00,375000,3,2.5,1830,-0.283691083361827,13042,2,0,0,3,1830,0,1990,2009,25408 Lake Wilderness Country Club Dr SE,Maple Valley,WA 98038,USA
2014-05-07 00:00:00,794154,4,2,2210,0.0799197467081757,8556,1,0,1,4,1210,1000,1954,1979,3235 30th Ave W,Seattle,WA 98199,USA
2014-05-07 00:00:00,185000,4,1,1490,-0.609027089213935,6600,1,0,0,3,1490,0,1969,2010,13248 Occidental Ave S,Burien,WA 98168,USA
2014-05-07 00:00:00,245000,3,1.5,1260,-0.829107328466832,1270,2,0,0,3,1040,220,2005,0,11304 Corliss Ave N,Seattle,WA 98133,USA
2014-05-07 00:00:00,1532500,5,4.5,4270,2.05107319392977,8076,2,0,0,3,3400,870,2007,0,11017 101st Pl NE,Kirkland,WA 98033,USA
2014-05-07 00:00:00,1040000,4,3.5,3900,1.69703106991424,8391,2,0,0,3,3900,0,2006,0,10908 101st Pl NE,Kirkland,WA 98033,USA
2014-05-07 00:00:00,425000,2,2.5,1150,-0.934363095066043,1027,3,0,0,3,1150,0,2008,0,3631 Greenwood Ave N,Seattle,WA 98103,USA
2014-05-07 00:00:00,495000,4,2.75,2656,0.506684036737706,21195,2,0,0,3,2656,0,2014,0,31898 50th Pl S,Auburn,WA 98001,USA
2014-05-07 00:00:00,365000,5,2.75,2410,0.271293867797651,5003,1,0,0,3,1410,1000,2008,0,7956 46th Ave S,Seattle,WA 98118,USA
2014-05-07 00:00:00,417250,3,2.25,1606,-0.498030098982040,1452,3,0,0,3,1606,0,2009,0,12303 Sand Point Way NE,Seattle,WA 98125,USA
2014-05-07 00:00:00,339950,2,1,820,-1.25013039486368,681,3,0,0,3,820,0,2006,0,513 N 46th St,Seattle,WA 98103,USA
2014-05-08 00:00:00,615000,2,1,1540,-0.561183558941567,6872,1,0,0,4,820,720,1946,1989,2814 13th Ave W,Seattle,WA 98119,USA
2014-05-08 00:00:00,403000,3,2.75,2090,-0.0349047259455095,8354,2,0,0,3,2090,0,2012,1912,27930 NE 147th Pl,Duvall,WA 98019,USA
2014-05-08 00:00:00,980000,5,2.5,3160,0.988946821883184,11470,1,0,0,4,1780,1380,1971,0,7401 92nd Pl SE,Mercer Island,WA 98040,USA
2014-05-08 00:00:00,258000,4,1.75,1730,-0.379378143906565,8320,1,0,0,3,1230,500,1977,2004,30633 21st Ave SW,Federal Way,WA 98023,USA
2014-05-08 00:00:00,533000,3,1,1670,-0.436790380233408,4080,1,0,0,3,1170,500,1967,2011,544 NE 84th St,Seattle,WA 98115,USA
2014-05-08 00:00:00,537500,4,2.5,2550,0.405255752560284,4630,2,0,0,3,2550,0,2005,0,1825 251st Pl SE,Sammamish,WA 98075,USA
2014-05-08 00:00:00,830000,5,3,3040,0.874122349229498,9601,1,0,0,5,1970,1070,1968,0,5200-5298 90th Ave SE,Mercer Island,WA 98040,USA
2014-05-08 00:00:00,712000,3,1,1250,-0.838676034521306,4620,1.5,0,0,4,1150,100,1900,1971,3612 Interlake Ave N,Seattle,WA 98103,USA
2014-05-08 00:00:00,262000,4,2.5,2020,-0.101885668326826,6236,2,0,0,3,2020,0,2002,0,434 Pullman Ave,Algona,WA 98001,USA
2014-05-08 00:00:00,753888,4,2.5,2660,0.510511519159495,5500,2,0,2,3,2660,0,2003,0,1669 28th Ave NE,Issaquah,WA 98029,USA
2014-05-08 00:00:00,134000,2,1.5,980,-1.09703109799210,5000,2,0,0,3,980,0,1922,2003,235 Thelma St,Skykomish,WA 98288,USA
2014-05-08 00:00:00,402000,3,2.5,1960,-0.159297904653668,8000,1,0,0,4,1290,670,1977,0,12207 NE 139th Pl,Kirkland,WA 98034,USA
2014-05-08 00:00:00,205000,2,1,720,-1.34581745540842,5040,1,0,0,3,720,0,1955,2005,8448 Delridge Way SW,Seattle,WA 98106,USA
2014-05-08 00:00:00,553650,2,2.5,1360,-0.733420267922094,1349,2,0,0,3,1050,310,1997,0,624 Lake Washington Blvd E,Seattle,WA 98112,USA
2014-05-08 00:00:00,559950,2,2,1870,-0.245416259143932,4950,1,0,0,3,1870,0,2006,0,23733 NE Salal Pl,Redmond,WA 98053,USA
2014-05-08 00:00:00,260000,4,1.5,2130,0.00337009827238560,8800,1,0,0,3,1100,1030,1962,2003,24345 35th Pl S,Kent,WA 98032,USA
2014-05-08 00:00:00,270000,4,2.5,1810,-0.302828495470775,6509,2,0,0,3,1810,0,1994,0,14816 SE 278th St,Kent,WA 98042,USA
2014-05-08 00:00:00,295000,2,1.75,2200,0.0703510406537020,89298,1,0,0,3,1100,1100,1973,2013,27469-27501 SE 154th Pl,Issaquah,WA 98027,USA
2014-05-08 00:00:00,719000,3,2.5,1690,-0.417652968124460,4500,1.5,0,1,4,1690,0,1928,0,4022 SW Walker St,Seattle,WA 98116,USA
2014-05-08 00:00:00,266000,3,2.5,1940,-0.178435316762616,8547,1,0,0,3,1460,480,1989,0,28123 123rd Pl SE,Kent,WA 98030,USA
2014-05-08 00:00:00,325900,4,2.5,2320,0.185175513307387,6270,2,0,0,3,2320,0,2004,2003,15020 SE 281st St,Kent,WA 98042,USA
2014-05-08 00:00:00,647500,4,1.75,2060,-0.0636108441089308,26036,1,0,0,4,1160,900,1947,1988,17622 12th Ave SW,Normandy Park,WA 98166,USA
2014-05-08 00:00:00,1039000,4,1,3410,1.22816447324503,5000,2,0,0,5,2190,1220,1910,0,2509 33rd Ave S,Seattle,WA 98144,USA
2014-05-08 00:00:00,569000,4,2.25,2250,0.118194570926071,41688,2,0,0,3,2250,0,1980,0,7304 217th Pl NE,Redmond,WA 98053,USA
2014-05-08 00:00:00,246000,3,1.75,1390,-0.704714149758673,7399,1,0,0,4,1390,0,1975,0,11921 SE 205th St,Kent,WA 98031,USA
2014-05-08 00:00:00,515000,2,1,1060,-1.02048144955631,4960,1,0,0,3,1060,0,1926,2003,8230 Corliss Ave N,Seattle,WA 98103,USA
2014-05-08 00:00:00,207000,3,1,1490,-0.609027089213935,8995,1,0,0,4,1490,0,1954,1979,12612 23rd Ave S,Seattle,WA 98168,USA
2014-05-08 00:00:00,780000,4,1.75,2480,0.338274810178967,9195,1,0,0,3,1390,1090,1950,2005,3002 109th Ave SE,Bellevue,WA 98004,USA
2014-05-08 00:00:00,489990,5,2.25,2440,0.299999985961072,20828,1.5,0,0,4,2440,0,1975,0,13711 SE 251 Pl,Kent,WA 98042,USA
2014-05-08 00:00:00,335000,3,1.5,2240,0.108625864871597,87625,1.5,0,0,2,1480,760,1980,0,18748 SE 330th St,Auburn,WA 98092,USA
2014-05-08 00:00:00,295000,3,2.5,1920,-0.197572728871563,7229,2,0,0,3,1920,0,1993,0,1914 S 375th St,Federal Way,WA 98003,USA
2014-05-08 00:00:00,385000,3,1.75,1890,-0.226278847034985,9920,1,0,0,3,1230,660,1944,0,14317 22nd Ave NE,Seattle,WA 98125,USA
2014-05-08 00:00:00,350000,4,1.75,2250,0.118194570926071,13515,1,0,0,4,2150,100,1940,2001,468 Scenic Way,Kent,WA 98030,USA
2014-05-08 00:00:00,235000,2,1,1270,-0.819538622412358,3008,1,0,0,4,650,620,1923,0,4305 S Webster St,Seattle,WA 98118,USA
2014-05-08 00:00:00,358000,2,1.5,960,-1.11616851010105,1808,2,0,0,3,960,0,1993,0,1816 26th Ave,Seattle,WA 98122,USA
2014-05-08 00:00:00,716500,4,2.5,3290,1.11334000059134,6465,2,0,0,3,3290,0,2002,0,1031 272nd Pl SE,Sammamish,WA 98075,USA
2014-05-08 00:00:00,228000,4,1.75,2000,-0.121023080435773,6120,1,0,0,3,1100,900,1965,1993,5933 S Eastwood Dr,Seattle,WA 98178,USA
2014-05-08 00:00:00,405000,2,1,1020,-1.05875627377420,8155,1,0,0,4,1020,0,1948,0,13221 3rd Ave NW,Seattle,WA 98177,USA
2014-05-08 00:00:00,538000,4,1.75,1840,-0.274122377307354,9600,1,0,0,3,1220,620,1967,2011,5524 161st Pl NE,Redmond,WA 98052,USA
2014-05-08 00:00:00,530000,3,1.75,1980,-0.140160492544721,6760,1,0,0,4,1980,0,1973,0,3220 170th Ave NE,Bellevue,WA 98008,USA
2014-05-08 00:00:00,1750000,6,3,3510,1.32385153378977,5760,2.5,0,0,4,3510,0,1906,1990,806 15th Ave E,Seattle,WA 98112,USA
2014-05-08 00:00:00,636000,2,1.75,1230,-0.857813446630253,3600,1.5,0,0,5,1230,0,1925,0,2561 3rd Ave W,Seattle,WA 98119,USA
2014-05-08 00:00:00,535000,4,2.5,2280,0.146900689089492,65836,2,0,0,3,2280,0,2004,2003,13812 196th Ave NE,Woodinville,WA 98077,USA
2014-05-08 00:00:00,1500000,3,1.75,2430,0.290431279906599,12757,1,0,2,4,1340,1090,1952,0,9842 Vineyard Crest,Bellevue,WA 98004,USA
2014-05-08 00:00:00,868500,3,2.5,2920,0.759297876575813,3942,3,0,0,3,2920,0,2008,0,1012 N 42nd Pl,Renton,WA 98056,USA
2014-05-08 00:00:00,530000,4,2.75,2280,0.146900689089492,2850,1.5,0,0,4,1540,740,1930,0,8013 20th Ave NE,Seattle,WA 98115,USA
2014-05-08 00:00:00,450000,3,2,1510,-0.589889677104988,43560,1,0,0,3,1510,0,1954,2005,13611 Bear Creek Rd NE,Woodinville,WA 98077,USA
2014-05-08 00:00:00,230000,3,1.75,950,-1.12573721615552,6000,1,0,0,3,790,160,1939,1969,1237 S Sullivan St,Seattle,WA 98108,USA
2014-05-08 00:00:00,229000,3,2.5,1190,-0.896088270848148,3000,2,0,0,3,1190,0,2002,0,12227 47th Ave S,Tukwila,WA 98178,USA
2014-05-08 00:00:00,437000,3,1.75,1310,-0.781263798194463,9282,1,0,0,4,1310,0,1976,1992,17128 NE 92nd St,Redmond,WA 98052,USA
2014-05-08 00:00:00,1307000,5,3.25,2800,0.644473403922128,3200,1.5,0,0,5,1910,890,1932,2002,365 Halladay St,Seattle,WA 98109,USA
2014-05-08 00:00:00,595000,3,2.5,1750,-0.360240731797618,3354,2,0,0,4,1750,0,1991,0,10621 NE 107th Pl,Kirkland,WA 98033,USA
2014-05-08 00:00:00,660000,3,1.75,1320,-0.771695092139989,5750,1.5,0,0,5,1320,0,1918,0,2121 46th Ave SW,Seattle,WA 98116,USA
2014-05-08 00:00:00,347500,4,2.5,2460,0.319137398070020,7350,2,0,0,3,2460,0,1989,0,32817 10th Pl SW,Federal Way,WA 98023,USA
2014-05-08 00:00:00,297950,3,2,1240,-0.848244740575780,10800,1,0,0,3,1240,0,1967,2010,17109 139th Pl SE,Renton,WA 98058,USA
2014-05-08 00:00:00,245000,3,1.5,1260,-0.829107328466832,7964,1,0,0,4,1260,0,1955,2009,168 S 192nd Pl,Des Moines,WA 98148,USA
2014-05-08 00:00:00,543200,6,2.25,2820,0.663610816031075,15600,1.5,0,2,5,1970,850,1940,0,15451 22nd Ave SW,Burien,WA 98166,USA
2014-05-08 00:00:00,1250000,4,3.25,3820,1.62048142147845,24166,2,0,1,4,3310,510,1990,0,8565 E Mercer Way,Mercer Island,WA 98040,USA
2014-05-08 00:00:00,413450,3,2.5,1540,-0.561183558941567,1614,3,0,0,3,1470,70,2008,0,9202A Interlake Ave N,Seattle,WA 98103,USA
2014-05-08 00:00:00,330000,2,2,1550,-0.551614852887093,435600,1.5,0,0,2,1550,0,1972,0,36521 SE 94th St,Snoqualmie,WA 98065,USA
2014-05-08 00:00:00,424500,3,1.75,1460,-0.637733207377357,7700,1,0,0,3,1460,0,1979,2014,15917 NE 109th Way,Redmond,WA 98052,USA
2014-05-08 00:00:00,230000,3,1,1390,-0.704714149758673,16000,1,0,0,4,1390,0,1960,2001,322 9th Ave N,Algona,WA 98001,USA
2014-05-08 00:00:00,930000,3,3.25,2640,0.491374107050548,4080,2,0,0,3,1840,800,1912,2000,4714 Thackeray Pl NE,Seattle,WA 98105,USA
2014-05-08 00:00:00,349000,3,1.75,1590,-0.513340028669198,9620,1,0,0,3,1590,0,1988,2000,4924 SE 2nd Pl,Renton,WA 98059,USA
2014-05-08 00:00:00,835000,4,2,1910,-0.207141434926037,6960,1.5,0,0,5,1910,0,1941,0,744 N 83rd St,Seattle,WA 98103,USA
2014-05-08 00:00:00,988500,3,2.75,2015,-0.106670021354063,16807,2,1,4,3,2015,0,2007,0,2973-3563 SW 172nd St,Burien,WA 98166,USA
2014-05-08 00:00:00,500000,3,1.75,1410,-0.685576737649725,1197,3,0,0,3,1410,0,2012,1912,4010 Linden Ave N,Seattle,WA 98103,USA
2014-05-08 00:00:00,499000,2,1.5,1110,-0.972637919283939,957,2,0,0,3,930,180,2005,0,1417 4th Ave W,Seattle,WA 98119,USA
2014-05-08 00:00:00,321950,2,1.25,860,-1.21185557064578,1277,2,0,0,3,860,0,2007,0,2113 15th Ave S,Seattle,WA 98144,USA
2014-05-08 00:00:00,494000,3,2.5,2310,0.175606807252913,4729,2,0,0,3,2310,0,2011,0,7630 Todd Pl,Kenmore,WA 98028,USA
2014-05-08 00:00:00,441750,2,1.5,1020,-1.05875627377420,1060,3,0,0,3,1020,0,2008,0,743 N 71st St,Seattle,WA 98103,USA
2014-05-08 00:00:00,438000,2,1,980,-1.09703109799210,1179,2,0,0,3,980,0,2010,0,2050 14th Ave W,Seattle,WA 98119,USA
2014-05-09 00:00:00,985000,4,2.25,4230,2.01279836971188,37769,2,0,0,3,4230,0,1989,0,19505 NE 143rd St,Woodinville,WA 98077,USA
2014-05-09 00:00:00,352000,3,2.25,1640,-0.465496498396829,11050,1,0,0,4,1640,0,1972,0,14513-14521 164th Pl SE,Renton,WA 98059,USA
2014-05-09 00:00:00,839900,4,3.5,3810,1.61091271542398,13592,1,0,1,3,2560,1250,2013,1923,2411 Meadow Ave N,Renton,WA 98056,USA
2014-05-09 00:00:00,765000,4,2.75,2790,0.634904697867654,10819,2,0,0,3,2790,0,1996,0,19490 SE 57th Pl,Issaquah,WA 98027,USA
2014-05-09 00:00:00,460000,4,1.75,1750,-0.360240731797618,5500,1.5,0,0,5,1050,700,1926,0,7021 24th Ave NW,Seattle,WA 98117,USA
2014-05-09 00:00:00,224500,4,1,1430,-0.666439325540778,8355,1.5,0,0,4,1430,0,1983,0,31714 125th Pl SE,Auburn,WA 98092,USA
2014-05-09 00:00:00,254000,3,2.5,1850,-0.264553671252880,4597,2,0,0,3,1850,0,2003,0,15407 SE 252nd Pl,Covington,WA 98042,USA
2014-05-09 00:00:00,255000,2,1,960,-1.11616851010105,28717,1,0,0,4,960,0,1984,0,29805-29821 129th Pl SW,Vashon,WA 98070,USA
2014-05-09 00:00:00,610000,3,3,2480,0.338274810178967,45302,1,0,0,4,1620,860,1976,1992,19707 NE 181st St,Woodinville,WA 98077,USA
2014-05-09 00:00:00,920000,4,3,3750,1.55350047909714,11025,2,0,0,3,3750,0,1976,0,3005 211th Ave NE,Sammamish,WA 98074,USA
2014-05-09 00:00:00,402500,4,2.5,2600,0.453099282832653,11951,2,0,0,3,2600,0,1988,2000,33134 3rd Ct SW,Federal Way,WA 98023,USA
2014-05-09 00:00:00,280950,3,1.75,1390,-0.704714149758673,8700,1,0,3,4,840,550,1912,1989,629-899 Cedar Ave S,Renton,WA 98057,USA
2014-05-09 00:00:00,604000,4,2.5,2260,0.127763276980545,7753,2,0,0,3,2260,0,1989,0,3809 260th Ave SE,Issaquah,WA 98029,USA
2014-05-09 00:00:00,565000,4,2.25,2470,0.328706104124494,7447,2,0,0,3,2470,0,1984,0,4205 NE 169th Ct,Lake Forest Park,WA 98155,USA
2014-05-09 00:00:00,255000,2,1,810,-1.25969910091815,7980,1,0,0,1,810,0,1928,0,12727 2nd Ave SW,Seattle,WA 98146,USA
2014-05-09 00:00:00,445000,4,2,1650,-0.455927792342355,6000,1,0,0,5,1000,650,1959,0,2211 20th Ave S,Seattle,WA 98144,USA
2014-05-09 00:00:00,2400000,3,2.25,3000,0.835847525011603,11665,1.5,1,4,3,3000,0,2001,0,East Lake Sammamish Trail,Sammamish,WA 98075,USA
2014-05-09 00:00:00,195000,2,1,720,-1.34581745540842,18000,1,0,0,3,720,0,1950,2005,10614 57th Ave S,Seattle,WA 98178,USA
2014-05-09 00:00:00,275000,3,1.5,1390,-0.704714149758673,48257,1,0,0,3,1390,0,1922,2013,4609-4699 Preston-Fall City Rd SE,Fall City,WA 98024,USA
2014-05-09 00:00:00,387000,3,2.25,1445,-0.652086266459067,1606,2,0,0,3,1300,145,2003,0,206-458 Lingering Pine Dr NW,Issaquah,WA 98027,USA
2014-05-09 00:00:00,490000,2,1,1840,-0.274122377307354,3300,1.5,0,0,4,1130,710,1910,0,6255 4th Ave NW,Seattle,WA 98107,USA
2014-05-09 00:00:00,505000,3,2.5,2100,-0.0253360198910357,5824,2,0,2,3,2100,0,1999,0,7418 Dogwood Ln SE,Snoqualmie,WA 98065,USA
2014-05-09 00:00:00,303500,3,1.5,1060,-1.02048144955631,10464,1,0,0,4,1060,0,1973,0,14320 84th Ave NE,Kirkland,WA 98034,USA
2014-05-09 00:00:00,270000,3,1.5,1500,-0.599458383159462,6337,1,0,0,5,1500,0,1953,0,13532 15th Pl NE,Seattle,WA 98125,USA
2014-05-09 00:00:00,323000,4,2.75,1970,-0.149729198599195,7213,1,0,0,3,1170,800,1977,2004,17814 161st Ave SE,Renton,WA 98058,USA
2014-05-09 00:00:00,382000,3,3.25,1410,-0.685576737649725,1253,3,0,0,3,1410,0,2005,0,9507 Ashworth Ave N,Seattle,WA 98103,USA
2014-05-09 00:00:00,1370000,4,2.75,3720,1.52479436093371,9450,1,0,4,5,1960,1760,1962,0,13615 Somerset Ln SE,Bellevue,WA 98006,USA
2014-05-09 00:00:00,280000,4,2,2190,0.0607823345992282,14439,1,0,0,4,1180,1010,1977,0,3331 S 368th Pl,Auburn,WA 98001,USA
2014-05-09 00:00:00,260000,3,2,1920,-0.197572728871563,8075,1,0,0,4,1510,410,1969,0,32704 33rd Ave SW,Federal Way,WA 98023,USA
2014-05-09 00:00:00,201500,3,1,1160,-0.924794389011570,8320,1,0,0,4,1160,0,1959,0,24345 35th Pl S,Kent,WA 98032,USA
2014-05-09 00:00:00,1157200,4,4.25,5860,3.57249745659110,52889,2,0,0,4,4910,950,1996,0,13905 184th Ave NE,Woodinville,WA 98072,USA
2014-05-09 00:00:00,536500,4,1.75,2000,-0.121023080435773,4000,1.5,0,0,5,1450,550,1926,0,4127 Fauntleroy Way SW,Seattle,WA 98126,USA
2014-05-09 00:00:00,248000,4,3,2163,0.0349468282521490,5883,2,0,0,3,2163,0,2006,0,429 Milwaukee Blvd S,Algona,WA 98001,USA
2014-05-09 00:00:00,532000,5,3,3480,1.29514541562634,57499,1,0,0,4,2340,1140,1976,1992,23801 SE 162nd St,Issaquah,WA 98027,USA
2014-05-09 00:00:00,580000,4,2.5,2840,0.682748228140023,6268,2,0,0,3,2840,0,1998,2006,15217 80th Ave NE,Kenmore,WA 98028,USA
2014-05-09 00:00:00,463000,2,1,1150,-0.934363095066043,4400,1,0,0,4,1150,0,1905,0,401 31st Ave E,Seattle,WA 98112,USA
2014-05-09 00:00:00,742500,4,2.75,3100,0.931534585556341,3773,2,0,0,3,2000,1100,1919,1996,1614 32nd Ave,Seattle,WA 98122,USA
2014-05-09 00:00:00,260000,3,2.5,1420,-0.676008031595252,14850,1,0,0,4,1020,400,1963,0,3319 S 262nd St,Kent,WA 98032,USA
2014-05-09 00:00:00,590000,4,2.25,2430,0.290431279906599,32496,1,0,0,3,2430,0,1993,0,18616 215th Way NE,Woodinville,WA 98077,USA
2014-05-09 00:00:00,312000,4,2.25,1930,-0.188004022817090,7452,1,0,0,3,1430,500,1984,0,21423 114th Pl SE,Kent,WA 98031,USA
2014-05-09 00:00:00,566000,3,2.25,1660,-0.446359086287881,10140,1,0,0,4,1370,290,1980,0,9828 159th Pl NE,Redmond,WA 98052,USA
2014-05-09 00:00:00,511555,3,2,1400,-0.695145443704199,7293,1,0,0,4,1400,0,1963,0,2655 166th Ave SE,Bellevue,WA 98008,USA
2014-05-09 00:00:00,583000,4,2.5,2660,0.510511519159495,4000,2,0,0,3,2660,0,2001,0,9921 227th Way NE,Redmond,WA 98053,USA
2014-05-09 00:00:00,290000,4,2.5,2000,-0.121023080435773,13300,1,0,0,4,1200,800,1968,0,3026 S Star Lake Rd,Auburn,WA 98001,USA
2014-05-09 00:00:00,311100,4,2.25,2130,0.00337009827238560,8078,1,0,0,4,1380,750,1977,0,3502 Morris Ave S,Renton,WA 98055,USA
2014-05-09 00:00:00,325000,3,2.25,1352,-0.741075232765673,1694,3,0,0,3,1352,0,2007,0,1211 NE 135th St,Seattle,WA 98125,USA
2014-05-09 00:00:00,491300,3,1.75,1750,-0.360240731797618,11340,1,0,1,4,1300,450,1987,0,400-498 211th Pl NE,Sammamish,WA 98074,USA
2014-05-09 00:00:00,315000,5,1.75,2320,0.185175513307387,8100,1,0,0,4,1160,1160,1956,0,439 SW 156th St,Burien,WA 98166,USA
2014-05-09 00:00:00,360000,2,1,1420,-0.676008031595252,81892,1,0,0,3,1180,240,1956,2001,18730-18798 109 Ln SE,Renton,WA 98055,USA
2014-05-09 00:00:00,330000,4,2.5,1940,-0.178435316762616,3784,2,0,0,3,1940,0,2003,0,16828 166th Pl SE,Renton,WA 98058,USA
2014-05-09 00:00:00,481450,3,2,1410,-0.685576737649725,4800,1,0,0,3,1410,0,1940,1996,7701 16th Ave NW,Seattle,WA 98117,USA
2014-05-09 00:00:00,234950,3,1,1360,-0.733420267922094,9948,1,0,0,3,1360,0,1977,2004,21612 SE 290th Ct,Black Diamond,WA 98010,USA
2014-05-09 00:00:00,251000,3,1.75,1220,-0.867382152684727,7250,1,0,0,3,1220,0,1962,2003,445 Meadow Dr SE,North Bend,WA 98045,USA
2014-05-09 00:00:00,782000,4,2.5,2830,0.673179522085549,20345,2,0,0,3,1980,850,1979,2014,11110 NE 38th Pl,Bellevue,WA 98004,USA
2014-05-09 00:00:00,833000,4,2.75,3780,1.58220659726056,10308,2,0,0,3,3780,0,1999,0,26621 SE 22nd Way,Sammamish,WA 98075,USA
2014-05-09 00:00:00,542500,4,2.5,2330,0.194744219361861,14289,2,0,0,4,2330,0,1978,2000,2084-2104 144th Ave SE,Bellevue,WA 98007,USA
2014-05-09 00:00:00,851000,3,2.5,3560,1.37169506406213,107290,2,0,0,3,3560,0,1987,2000,21630-21648 NE 67th St,Redmond,WA 98053,USA
2014-05-09 00:00:00,325000,4,1.5,1470,-0.628164501322883,70800,1,0,0,3,1470,0,1976,0,29606 SE 286 St,Ravensdale,WA 98051,USA
2014-05-09 00:00:00,415000,4,2.25,3060,0.893259761338446,48787,2,0,0,3,3060,0,1992,0,31701-31799 SE 291st St,Ravensdale,WA 98051,USA
2014-05-09 00:00:00,252500,3,1,1030,-1.04918756771973,6127,1,0,0,3,880,150,1947,2012,819 NE 125th St,Seattle,WA 98125,USA
2014-05-09 00:00:00,465000,4,2.5,1930,-0.188004022817090,9653,1,0,0,4,1930,0,1968,0,29612 2nd Ave SW,Federal Way,WA 98023,USA
2014-05-09 00:00:00,336900,3,1.75,1780,-0.331534613634196,120661,1,0,0,4,1780,0,1979,0,33030 NE 201st St,Duvall,WA 98019,USA
2014-05-09 00:00:00,225000,3,2.5,2000,-0.121023080435773,9202,2,0,0,4,2000,0,1992,0,21227 SE 278th Way,Maple Valley,WA 98038,USA
2014-05-09 00:00:00,270000,3,2,1690,-0.417652968124460,9583,1,0,0,4,1690,0,1969,0,108-150 Union Ave SE,Renton,WA 98059,USA
2014-05-09 00:00:00,1702500,5,4.5,5190,2.93139415094136,23716,2,0,2,3,3390,1800,1987,2000,8608 N Mercer Way,Mercer Island,WA 98040,USA
2014-05-09 00:00:00,536000,3,1.75,1300,-0.790832504248937,5413,1.5,0,0,3,1300,0,1925,1992,9610 8th Ave NE,Seattle,WA 98115,USA
2014-05-09 00:00:00,585000,4,3.25,2400,0.261725161743177,29252,2,0,0,4,2400,0,1982,2011,15610 NE 159th St,Woodinville,WA 98072,USA
2014-05-09 00:00:00,445000,2,2,1150,-0.934363095066043,6634,1,0,0,3,860,290,1940,1996,1721 NE 98th St,Seattle,WA 98115,USA
2014-05-09 00:00:00,320000,4,2.25,2310,0.175606807252913,7490,2,0,0,3,2310,0,1980,0,11131 SE 183rd Pl,Renton,WA 98055,USA
2014-05-09 00:00:00,769900,4,3.5,2730,0.577492461540812,3047,2,0,0,3,2400,330,2006,0,2653 46th Ave SW,Seattle,WA 98116,USA
2014-05-09 00:00:00,557000,4,2.5,2840,0.682748228140023,4500,2,0,0,3,2840,0,2012,1912,19226 76th Pl NE,Kenmore,WA 98028,USA
2014-05-09 00:00:00,212000,2,1.5,1020,-1.05875627377420,1525,2,0,0,3,1020,0,2004,2003,10312 Linden Ave N,Seattle,WA 98133,USA
2014-05-09 00:00:00,376000,3,2,1340,-0.752557680031042,1384,3,0,0,3,1340,0,2008,0,9245-9249 Fremont Ave N,Seattle,WA 98103,USA
2014-05-09 00:00:00,800000,4,3.25,3540,1.35255765195319,159430,2,0,0,3,3540,0,2007,0,33001 NE 24th St,Carnation,WA 98014,USA
2014-05-09 00:00:00,2238888,5,6.5,7270,4.92168501027190,130017,2,0,0,3,6420,850,2010,0,7070 270th Pl SE,Issaquah,WA 98029,USA
2014-05-09 00:00:00,324000,3,2.25,998,-1.07980742709404,904,2,0,0,3,798,200,2007,0,820 NW 95th St,Seattle,WA 98117,USA
2014-05-10 00:00:00,549900,5,2.75,3060,0.893259761338446,7015,1,0,0,5,1600,1460,1979,0,10834 31st Ave SW,Seattle,WA 98146,USA
2014-05-10 00:00:00,320000,3,2.5,2130,0.00337009827238560,6969,2,0,0,3,2130,0,2003,0,Cedar to Green River Trail,Maple Valley,WA 98038,USA
2014-05-10 00:00:00,875000,4,2,2520,0.376549634396862,6000,1,0,0,3,1400,1120,1921,2007,6521 Fremont Ave N,Seattle,WA 98103,USA
2014-05-10 00:00:00,265000,4,1,1940,-0.178435316762616,9533,1,0,0,3,1080,860,1962,2003,9908 S 210th Pl,Kent,WA 98031,USA
2014-05-10 00:00:00,394950,3,2.5,1350,-0.742988973976568,1250,3,0,0,3,1270,80,2006,0,5940 California Ave SW,Seattle,WA 98136,USA
2014-05-11 00:00:00,842500,4,2.5,2160,0.0320762164358069,5298,2.5,0,0,4,2160,0,1902,0,906 17th Ave,Seattle,WA 98122,USA
2014-05-11 00:00:00,368000,3,2.5,1370,-0.723851561867621,1350,2,0,0,3,1010,360,2007,0,5411 Fauntleroy Way SW,Seattle,WA 98136,USA
2014-05-12 00:00:00,1225000,4,4.5,5420,3.15147439019425,101930,1,0,0,3,3890,1530,2001,0,25005 NE Patterson Way,Redmond,WA 98053,USA
2014-05-12 00:00:00,885000,4,2.5,2830,0.673179522085549,5000,2,0,0,3,2830,0,1995,0,3503 NE 43rd St,Seattle,WA 98105,USA
2014-05-12 00:00:00,453246,3,2.5,2010,-0.111454374381300,2287,2,0,0,3,1390,620,2014,0,2500 Mulberry Walk NE,Issaquah,WA 98029,USA
2014-05-12 00:00:00,927000,4,2.75,3300,1.12290870664582,12090,2,0,0,3,3300,0,1953,0,9155 NE 21st Pl,Clyde Hill,WA 98004,USA
2014-05-12 00:00:00,490000,2,2.5,1230,-0.857813446630253,1391,2,0,0,3,870,360,2004,2003,106 24th Ave E,Seattle,WA 98112,USA
2014-05-12 00:00:00,341000,3,1.5,1720,-0.388946849961039,7119,1.5,0,0,4,1720,0,1952,0,17050 14th Avenue Northeast,Shoreline,WA 98155,USA
2014-05-12 00:00:00,235000,1,1,810,-1.25969910091815,2451,1,0,0,5,810,0,1941,0,9413 34th Ave SW,Seattle,WA 98126,USA
2014-05-12 00:00:00,1200000,3,1.75,1560,-0.542046146832619,8078,1.5,1,4,4,1560,0,1928,0,3603 W Mercer Way,Mercer Island,WA 98040,USA
2014-05-12 00:00:00,560000,3,2,2560,0.414824458614758,216777,1,0,0,3,2560,0,1986,0,19211 SE 342nd St,Auburn,WA 98092,USA
2014-05-12 00:00:00,900000,4,3.25,4700,2.46252755427214,38412,2,0,0,3,3420,1280,1978,0,3709 131st Ave NE,Bellevue,WA 98005,USA
2014-05-12 00:00:00,255000,2,1,1220,-0.867382152684727,2500,1,0,0,3,770,450,1910,2006,3017 SW Hinds St,Seattle,WA 98126,USA
2014-05-12 00:00:00,1575000,5,2.75,3650,1.45781341855240,20150,1,0,0,4,2360,1290,1975,0,1216 86th Ave NE,Bellevue,WA 98004,USA
2014-05-12 00:00:00,876650,3,3.25,2170,0.0416449224902807,12508,1.5,0,0,5,1650,520,1928,1970,4436-4446 W Mercer Way,Mercer Island,WA 98040,USA
2014-05-12 00:00:00,540000,4,2.25,2540,0.39568704650581,228254,1,0,0,3,1450,1090,1990,2009,31907 NE 139th St,Duvall,WA 98019,USA
2014-05-12 00:00:00,350000,2,1,910,-1.16401204037341,4500,1.5,0,0,4,910,0,1906,1990,4430 Letitia Ave S,Seattle,WA 98118,USA
2014-05-12 00:00:00,750000,4,2.5,2980,0.816710112902656,4930,2,0,0,3,2890,90,2000,0,16512 SE 64th Pl,Bellevue,WA 98006,USA
2014-05-12 00:00:00,582000,4,1.75,2120,-0.00619860778208817,4650,1,0,1,3,1190,930,1951,1994,9214 Cyrus Ave NW,Seattle,WA 98117,USA
2014-05-12 00:00:00,1315000,4,3.5,3460,1.27600800351740,3997,2,0,0,3,2560,900,2004,2003,2346 N 59th St,Seattle,WA 98103,USA
2014-05-12 00:00:00,372500,5,3,2480,0.338274810178967,10090,1,0,0,3,1300,1180,2004,2003,5537 S 119th St,Seattle,WA 98178,USA
2014-05-12 00:00:00,410000,3,2.25,2200,0.0703510406537020,16921,2,0,0,3,2200,0,1987,2000,21709 SE 255th Pl,Maple Valley,WA 98038,USA
2014-05-12 00:00:00,360000,4,2,1730,-0.379378143906565,5500,1,0,0,5,1010,720,1943,0,7953 14th Ave SW,Seattle,WA 98106,USA
2014-05-12 00:00:00,1015000,3,2.5,2920,0.759297876575813,34527,1,0,4,4,1800,1120,1954,1983,5220 SW Pritchard St,Seattle,WA 98116,USA
2014-05-12 00:00:00,225000,3,1,990,-1.08746239193762,8012,1,0,0,4,990,0,1966,0,16411 120th Ave SE,Renton,WA 98058,USA
2014-05-12 00:00:00,647000,4,2.5,3040,0.874122349229498,6887,2,0,0,3,3040,0,1999,0,215 243rd Ave SE,Sammamish,WA 98074,USA
2014-05-12 00:00:00,950000,5,3,4530,2.29985955134609,258746,1.5,0,0,4,3200,1330,2003,0,20325 NE 198th St,Woodinville,WA 98077,USA
2014-05-12 00:00:00,185000,3,1.5,1370,-0.723851561867621,8470,1,0,0,4,1370,0,1961,2001,2420 Dogwood St SE,Auburn,WA 98092,USA
2014-05-12 00:00:00,335000,3,2.5,1940,-0.178435316762616,4927,2,0,0,3,1940,0,2004,2003,17217 Woodside Dr SE,Renton,WA 98058,USA
2014-05-12 00:00:00,210000,3,2.5,1040,-1.03961886166525,2643,2,0,0,3,720,320,2004,2003,5145 S Roxbury St,Seattle,WA 98118,USA
2014-05-12 00:00:00,522000,4,2.25,1800,-0.312397201525249,8623,1,0,0,4,1360,440,1980,0,11725 NE 102nd Pl,Kirkland,WA 98033,USA